{
	"condition" : "minecraft:alternative",
	"terms" : [
		{
			"condition" : "minecraft:entity_properties",
			"entity" : "this",
			"predicate" : {
				"equipment" : {
					"mainhand" : {
						"item" : "minecraft:crossbow",
						"enchantments" : [
							{
								"enchantment" : "minecraft:piercing"
							}
						]
					}
				}
			}
		},
		{
			"condition" : "minecraft:entity_properties",
			"entity" : "this",
			"predicate" : {
				"equipment" : {
					"offhand" : {
						"item" : "minecraft:crossbow",
						"enchantments" : [
							{
								"enchantment" : "minecraft:piercing"
							}
						]
					}
				}
			}
		}
	]
}