{
	"condition" : "minecraft:any_of",
	"terms" : [
		{
			"condition" : "minecraft:entity_properties",
			"entity" : "this",
			"predicate" : {
				"equipment" : {
					"mainhand" : {
						"items" : ["minecraft:crossbow"],
						"enchantments" : [
							{
								"enchantment" : "minecraft:piercing"
							}
						]
					}
				}
			}
		},
		{
			"condition" : "minecraft:entity_properties",
			"entity" : "this",
			"predicate" : {
				"equipment" : {
					"offhand" : {
						"items" : ["minecraft:crossbow"],
						"enchantments" : [
							{
								"enchantment" : "minecraft:piercing"
							}
						]
					}
				}
			}
		}
	]
}