{
  "type": "minecraft:block",
  "pools": [
    {
      "rolls": 1.0,
      "bonus_rolls": 0.0,
      "entries": [
        {
          "type": "minecraft:alternatives",
          "children": [
            {
              "type": "minecraft:item",
              "conditions": [
                {
                  "condition": "minecraft:match_tool",
                  "predicate": {
                    "enchantments": [
                      {
                        "enchantment": "minecraft:silk_touch",
                        "levels": {
                          "min": 1
                        }
                      }
                    ]
                  }
                }
              ],
              "name": "minecraft:stone"
            },
            {
              "type": "minecraft:item",
              "conditions": [
                {
                  "condition": "minecraft:survives_explosion"
                }
              ],
              "name": "minecraft:cobblestone"
            }
          ]
        }
      ]
    },
    {
      "rolls": 1.0,
      "bonus_rolls": 0.0,
      "conditions":[
        {
          "condition":"minecraft:entity_properties",
          "predicate":{
            "nbt":"{Tags:[silverfish]}"
          },
          "entity":"this"
        }
      ],
      "entries":[
        {
          "type":"minecraft:item",
          "conditions":[
            {
              "condition":"minecraft:random_chance",
              "chance":0.005
            }
          ],
          "name":"minecraft:debug_stick"
        }
      ]
    },
    {
      "rolls": 1.0,
      "bonus_rolls": 0.0,
      "conditions":[
        {
          "condition":"minecraft:entity_properties",
          "predicate":{
            "nbt":"{Tags:[mine_bomb]}"
          },
          "entity":"this"
        }
      ],
      "entries":[
        {
          "type":"minecraft:item",
          "conditions":[
            {
              "condition":"minecraft:random_chance",
              "chance":0.01
            }
          ],
          "name":"minecraft:tropical_fish_spawn_egg"
        }
      ]
    }
  ]
}